WEB ID,Orig ID,Logo,Název shopu,Aktuální štítek,Doba štítku,Nejvyšší dosažený štítek,Očekávaná provize,Reálná provize,Bilance za 30 dnů,Celková bilance,Platící obchod,Importováno produktů,"Google
CSS","Google
CPP","Bing
CSS",Hodnocení,Počet hodnocení,CPC,"Hledanost
s koncovkou","Hledanost
bez koncovky",Návštevnost,Pozice v zemi,Kategorie,Manuální štítky
EDE,1371,,Luvia-cosmetics.de,Minimum clicks,3.0 měs. (90 dnů),Minimum clicks,9.00 %,nespočtena,0 EUR,0 EUR,Ano,123,,,,-,-,-,-,480,16 039,95 787,Cosmetics and health,-
EDE,1370,,Mannavita.de,Minimum clicks,3.0 měs. (90 dnů),Minimum clicks,10.00 %,nespočtena,0 EUR,0 EUR,Ano,96,,,,-,-,-,0,40,113,-,Dietary Supplements Cosmetics and health Food and Beverages,-
EDE,858,,Dieoelfreunde.de,Minimum clicks,3.0 měs. (90 dnů),Starter,4.00 %,nespočtena,0 EUR,2 EUR,Ano,117,,,,-,-,2.45 USD,10,90,4 557,214 573,Food and Beverages Wide Range of...,-
EDE,260,,Sneakertwins.de,No conversion,3.0 měs. (91 dnů),Performer,-,nespočtena,-1 EUR,0 EUR,Ano,7 277,,,,-,-,-,-,170,25 373,58 448,Footwear Clothing Fashion,-
EDE,1366,,Weinkollektion.com,No conversion,3.1 měs. (93 dnů),Minimum clicks,3.50 %,nespočtena,-1 EUR,-2 EUR,Ano,1 438,,,,-,-,-,-,50,25 406,70 882,Food and Beverages,-
EDE,1056,,Sweet24.de,No conversion,3.1 měs. (94 dnů),Starter,1.50 %,nespočtena,-3 EUR,-14 EUR,Ano,825,,,,-,-,1.43 USD,10,390,82 192,19 217,Food and Beverages,-
EDE,594,,True-nature.de,Minimum clicks,3.2 měs. (95 dnů),Performer,15.00 %,nespočtena,0 EUR,-1 EUR,Ano,245,,,,-,-,1.00 USD,40,3 600,31 883,-,Dietary Supplements,-
EDE,1358,,Moebel-style.de,No conversion,3.2 měs. (96 dnů),Minimum clicks,4.00 %,nespočtena,-2 EUR,-2 EUR,Ano,3 299,,,,4.70,80,2.74 USD,20,210,27 858,44 078,Furniture and...,-
EDE,1356,,Goodmood-food.de,Minimum clicks,3.2 měs. (96 dnů),Minimum clicks,12.00 %,nespočtena,0 EUR,0 EUR,Ano,3,,,,-,-,-,-,2 400,89 574,20 215,Food and Beverages Dietary Supplements,-
EDE,1361,,Gomago.de,Minimum clicks,3.2 měs. (96 dnů),Minimum clicks,5.00 %,nespočtena,0 EUR,0 EUR,Ano,4,,,,-,-,-,10,720,39 772,50 791,Home and Garden Auto and Moto,-
EDE,1353,,Nice-peace.com,Minimum clicks,3.2 měs. (96 dnů),Minimum clicks,20.00 %,nespočtena,0 EUR,0 EUR,Ano,405,,,,-,-,-,10,390,47 108,41 279,Clothing Fashion,-
EDE,1352,,Angeljuicers.eu,Minimum clicks,3.2 měs. (97 dnů),Minimum clicks,7.00 %,nespočtena,0 EUR,0 EUR,Ano,17,,,,-,-,-,-,1 600,40 656,44 504,Home Appliances Home and Garden,-
EDE,1350,,Duschkabine-shop.de,No conversion,3.2 měs. (97 dnů),Minimum clicks,5.00 %,nespočtena,-2 EUR,-5 EUR,Ano,885,,,,-,-,1.74 USD,20,110,71 064,27 738,Home and Garden Building Materials,-
EDE,1347,,Gebers.de,Minimum clicks,3.2 měs. (97 dnů),Minimum clicks,15.00 %,nespočtena,0 EUR,-1 EUR,Ano,2 254,,,,-,-,0.99 USD,20,1 000,89 603,22 235,Home and Garden Furniture and... Products for...,-
EDE,1346,,Markenbaumarkt24.de,No conversion,3.2 měs. (97 dnů),Minimum clicks,3.00 %,nespočtena,-2 EUR,-3 EUR,Ano,7 875,,,,4.10,569,0.35 USD,30,1 600,122 208,16 771,Home and Garden Building Materials Furniture and...,-
EDE,1345,,Teppichcenter24.de,No conversion,3.2 měs. (97 dnů),Minimum clicks,11.00 %,nespočtena,-1 EUR,-1 EUR,Ano,4 653,,,,-,-,0.77 USD,10,1 300,11 317,57 794,Home and Garden Furniture and...,-
EDE,1008,,Regionsflorist.de,Minimum clicks,3.2 měs. (97 dnů),Minimum clicks,15.00 %,nespočtena,0 EUR,-1 EUR,Ano,74,,,,-,-,0.48 USD,110,590,24 121,65 534,Home and Garden Flowers,-
EDE,1340,,Ellisaromen.de,No conversion,3.3 měs. (98 dnů),Minimum clicks,8.00 %,nespočtena,-1 EUR,-1 EUR,Ano,2 267,,,,-,-,-,10,1 000,11 012,132 771,Food and Beverages Dietary Supplements,-
EDE,1342,,Anroshop.de,No conversion,3.3 měs. (98 dnů),Minimum clicks,10.00 %,nespočtena,-2 EUR,-3 EUR,Ano,1 908,,,,-,-,0.62 USD,30,320,41 025,40 010,Home and Garden Furniture and... Building Materials,-
EDE,1341,,Germany.elna.shop,Minimum clicks,3.3 měs. (98 dnů),Minimum clicks,8.00 %,nespočtena,0 EUR,0 EUR,Ano,30,,,,-,-,-,-,74 000,26 702,-,Hobbies Home and Garden Sewing Supplies,-
EDE,1343,,Costway.de,No conversion,3.3 měs. (98 dnů),Minimum clicks,6.00 %,nespočtena,-2 EUR,-5 EUR,Ano,3 390,,,,-,-,0.61 USD,90,4 400,151 350,11 946,Home and Garden Furniture and... Home Appliances,-
EDE,1344,,It-versand.com,No conversion,3.3 měs. (98 dnů),Minimum clicks,5.00 %,nespočtena,0 EUR,0 EUR,Ano,594,,,,-,-,0.98 USD,210,880,64 414,27 063,Computers & Office Electronics,-
EDE,1333,,Bergerlin.de,Minimum clicks,3.3 měs. (99 dnů),Minimum clicks,10.00 %,nespočtena,0 EUR,0 EUR,Ano,176,,,,-,-,-,-,480,8 840,102 039,Jewelry,-
EDE,1332,,Tischtennis.biz,No conversion,3.3 měs. (99 dnů),Minimum clicks,3.50 %,nespočtena,-2 EUR,-3 EUR,Ano,364,,,,-,-,0.29 USD,70,49 500,3 822,257 183,Sport Hobbies,-
EDE,1329,,Koawach.de,Minimum clicks,3.3 měs. (99 dnů),Minimum clicks,8.00 %,nespočtena,0 EUR,0 EUR,Ano,68,,,,-,-,0.79 USD,10,6 600,86 875,18 714,Food and Beverages Gifts,-
EDE,1327,,Detektormarkt.de,No conversion,3.3 měs. (99 dnů),Minimum clicks,5.00 %,nespočtena,-1 EUR,-1 EUR,Ano,536,,,,-,-,1.44 USD,20,50,26 322,68 890,Hobbies Books and Movies Outdoor Equipment,-
EDE,611,,Ragaba.de,No conversion,3.3 měs. (99 dnů),Performer,7.00 %,nespočtena,-1 EUR,1 EUR,Ano,3 195,,,,-,-,-,-,110,5 305,323 302,Furniture and...,-
EDE,1184,,Bioethanol-kamin-shop.de,Minimum clicks,3.4 měs. (103 dnů),Minimum clicks,7.00 %,nespočtena,0 EUR,-1 EUR,Ano,996,,,,-,-,2.33 USD,10,70,25 310,38 807,Home and Garden Home Appliances Furniture and...,-
EDE,1324,,Finktech24.de,No conversion,3.5 měs. (104 dnů),Minimum clicks,8.00 %,nespočtena,-3 EUR,-4 EUR,Ano,977,,,,-,-,-,10,110,58 045,34 165,Industrial Equipment,-
EDE,259,,Klingenmaier.de,No conversion,3.5 měs. (104 dnů),Performer,4.00 %,nespočtena,-1 EUR,4 EUR,Ano,7 072,,,,3.80,186,0.34 USD,10,90,18 112,94 423,Sport Footwear Clothing,-
EDE,1032,,Flexispot.de,No conversion,3.5 měs. (105 dnů),Minimum clicks,7.00 %,nespočtena,-2 EUR,-9 EUR,Ano,56,,,,-,-,1.84 USD,110,40 500,1 478 863,2 825,Furniture and... Computers & Office,-
EDE,1319,,Mainzoo.de,No conversion,3.5 měs. (106 dnů),Minimum clicks,5.00 %,nespočtena,-2 EUR,-3 EUR,Ano,2 867,,,,-,-,1.98 USD,10,390,32 193,57 002,Pets,-
EDE,1317,,Bpmproshop.de,No conversion,3.5 měs. (106 dnů),Minimum clicks,8.00 %,nespočtena,-2 EUR,-2 EUR,Ano,1 414,,,,-,-,-,-,50,54 017,33 166,Sport Cycling,-
EDE,1316,,Themyricals.de,Minimum clicks,3.5 měs. (106 dnů),Minimum clicks,10.00 %,nespočtena,0 EUR,0 EUR,Ano,32,,,,-,-,-,-,110,9 400,-,Dietary Supplements Cosmetics and health,-
EDE,1281,,Krackonline.com,No conversion,3.5 měs. (106 dnů),Minimum clicks,8.00 %,nespočtena,0 EUR,0 EUR,Ano,110 386,,,,-,-,-,0,30,983 646,1 065,Footwear Clothing Children's Fashion,-
EDE,206,,Naturesfinestfoods.de,Minimum clicks,3.6 měs. (108 dnů),Performer,-,nespočtena,0 EUR,-131 EUR,Ano,126,,,,-,-,-,-,110,89 129,19 092,Dietary Supplements Food and Beverages,CSS vypnuto
EDE,1263,,Streetbooster.de,No conversion,3.7 měs. (111 dnů),Minimum clicks,10.00 %,nespočtena,-1 EUR,-3 EUR,Ano,19,,,,-,-,-,20,1 900,26 080,42 825,Auto and Moto Electronics,-
EDE,1309,,Matadorequipment.eu,Minimum clicks,3.7 měs. (112 dnů),Minimum clicks,10.00 %,nespočtena,0 EUR,0 EUR,Ano,76,,,,-,-,-,-,70,13 058,91 835,Bags and Backpacks,-
EDE,1311,,Heimkinoraum.de,No conversion,3.7 měs. (112 dnů),Minimum clicks,2.00 %,nespočtena,-3 EUR,-8 EUR,Ano,912,,,,-,-,0.19 USD,70,6 600,167 657,11 284,Electronics,-
EDE,1292,,Vogels.com,No conversion,3.8 měs. (113 dnů),Minimum clicks,9.00 %,nespočtena,-1 EUR,-1 EUR,Ano,34,,,,-,-,1.85 USD,50,40 500,235 441,-,Electronics Computers & Office Furniture and...,-
EDE,1295,,Fyrklovern.com,Minimum clicks,3.8 měs. (113 dnů),Minimum clicks,10.00 %,nespočtena,0 EUR,0 EUR,Ano,690,,,,-,-,0.02 USD,10,20,41 420,12 439,Furniture and... Home and Garden,-
EDE,1305,,Tamaris.com,No conversion,3.8 měs. (113 dnů),Minimum clicks,7.00 %,nespočtena,-2 EUR,-3 EUR,Ano,18 082,,,,-,-,0.16 USD,110,165 000,1 007 647,2 750,Footwear Fashion,-
EDE,842,,Bodenschutzmatten.com,Minimum clicks,4.0 měs. (119 dnů),Starter,2.00 %,nespočtena,0 EUR,4 EUR,Ano,78,,,,-,-,-,10,720,830,-,Building Materials Home and Garden,-
EDE,747,,Rawpowders.de,Minimum clicks,4.0 měs. (120 dnů),Performer,5.60 %,nespočtena,-1 EUR,3 EUR,Ano,104,,,,-,-,-,-,260,8 292,133 839,Dietary Supplements Weight Loss Herbal Products,-
EDE,1285,,Huawei.com,No conversion,4.0 měs. (121 dnů),Minimum clicks,4.00 %,nespočtena,-2 EUR,-3 EUR,Ano,125,,,,-,-,0.44 USD,170,110 000,23 284 138,-,Electronics Computers & Office Wide Range of...,-
EDE,370,,Glamory.de,Minimum clicks,4.1 měs. (123 dnů),Starter,7.00 %,nespočtena,0 EUR,1 EUR,Ano,563,,,,-,-,-,0,170,3 713,361 665,Clothing,-
EDE,1277,,Randomidentities.com,Minimum clicks,4.2 měs. (125 dnů),Minimum clicks,11.50 %,nespočtena,0 EUR,0 EUR,Ano,385,,,,-,-,-,-,70,2 365,2 481 095,Fashion Clothing Footwear,-
EDE,955,,Restberry.de,Minimum clicks,4.2 měs. (127 dnů),Starter,5.00 %,nespočtena,0 EUR,3 EUR,Ano,111,,,,-,-,-,0,260,1 073,603 839,Home and Garden Clothing,-
EDE,500,,Patriziapepe.com,No conversion,4.2 měs. (127 dnů),Performer,10.00 %,nespočtena,-1 EUR,39 EUR,Ano,2 507,,,,-,-,0.92 USD,10,110,148 277,9 897,Clothing Footwear Fashion,-
EDE,375,,Maconline.de,No conversion,4.3 měs. (129 dnů),Performer,3.00 %,nespočtena,-2 EUR,33 EUR,Ano,727,,,,-,-,0.73 USD,90,2 900,45 791,30 179,Electronics Computers & Office,-
EDE,561,,Deluxehomeartshop.de,Minimum clicks,4.3 měs. (129 dnů),Minimum clicks,17.00 %,nespočtena,0 EUR,0 EUR,Ano,659,,,,-,-,-,-,50,7 648,103 538,Home and Garden,-
EDE,1273,,Domusdepot.eu,No conversion,4.3 měs. (129 dnů),Minimum clicks,5.00 %,nespočtena,-3 EUR,-7 EUR,Ano,7 890,,,,-,-,-,-,-,42,-,Home and Garden Furniture and...,CSS vypnuto_GMC
EDE,1272,,Horow.de,Minimum clicks,4.3 měs. (129 dnů),Minimum clicks,15.00 %,nespočtena,0 EUR,0 EUR,Ano,86,,,,-,-,0.79 USD,20,2 400,11 283,144 425,Home Appliances,-
EDE,1269,,Pelios.de,Minimum clicks,4.3 měs. (129 dnů),Minimum clicks,6.00 %,nespočtena,0 EUR,0 EUR,Ano,4,,,,-,-,-,-,40,2 531,390 853,Home Appliances Home and Garden Furniture and...,-
EDE,1268,,Klasthome.de,No conversion,4.3 měs. (130 dnů),Minimum clicks,8.00 %,nespočtena,-1 EUR,-4 EUR,Ano,959,,,,-,-,-,-,210,502 793,2 316,Furniture and... Home and Garden,-
EDE,999,,Framily.de,Minimum clicks,4.4 měs. (131 dnů),Starter,8.00 %,nespočtena,0 EUR,2 EUR,Ano,112,,,,-,-,0.96 USD,30,590,10 818,125 584,Books and Movies,-
EDE,573,,Handingo.de,No conversion,4.4 měs. (131 dnů),Performer,5.50 %,nespočtena,-1 EUR,81 EUR,Ano,640,,,,-,-,6.33 USD,10,880,8 247,146 030,Electronics,-
EDE,1264,,Cookandpan.com,Minimum clicks,4.4 měs. (131 dnů),Minimum clicks,12.00 %,nespočtena,0 EUR,0 EUR,Ano,147,,,,-,-,-,0,30,105 732,7 612,Home Appliances Home and Garden,-
EDE,1255,,Woll-onlineshop.de,Minimum clicks,4.4 měs. (132 dnů),Minimum clicks,10.00 %,nespočtena,0 EUR,0 EUR,Ano,1 611,,,,-,-,3.72 USD,10,30,1 370,521 349,Books and Movies Home and Garden Clothing,-
EDE,1256,,Spavivent.de,Minimum clicks,4.4 měs. (132 dnů),Minimum clicks,15.00 %,nespočtena,0 EUR,0 EUR,Ano,182,,,,-,-,0.83 USD,10,20,5 316,197 615,Cosmetics and health,-
EDE,1260,,Wohnbedarf-pies.de,No conversion,4.4 měs. (132 dnů),Minimum clicks,6.00 %,nespočtena,-2 EUR,-3 EUR,Ano,9 405,,,,-,-,2.00 USD,10,390,18 529,71 129,Furniture and... Home and Garden,-
EDE,1253,,Pheno-flags.com,Minimum clicks,4.4 měs. (133 dnů),Minimum clicks,15.00 %,nespočtena,0 EUR,0 EUR,Ano,163,,,,-,-,-,-,110,41 418,50 895,Home and Garden,-
EDE,1249,,Woll-hase.de,No conversion,4.4 měs. (133 dnů),Minimum clicks,12.00 %,nespočtena,0 EUR,-1 EUR,Ano,2 599,,,,-,-,-,-,20,926,-,Home and Garden Products for... Children's Fashion,-
EDE,1244,,Bioprophyl.de,Minimum clicks,4.4 měs. (133 dnů),Minimum clicks,17.00 %,nespočtena,0 EUR,0 EUR,Ano,101,,,,-,-,0.35 USD,10,720,82 605,26 718,Cosmetics and health Dietary Supplements Wide Range of...,-
EDE,1222,,Kenayhome.de,No conversion,4.4 měs. (133 dnů),Minimum clicks,5.00 %,nespočtena,0 EUR,-1 EUR,Ano,2 761,,,,-,-,-,-,590,864 139,1 063,Furniture and... Home and Garden Wide Range of...,-
EDE,314,,Anker.com,No conversion,4.5 měs. (134 dnů),Performer,-,nespočtena,-1 EUR,835 EUR,Ano,201,,,,-,-,0.82 USD,320,90 500,1 702 800,11 126,Electronics Computers & Office,-
EDE,1235,,Afrostore.biz,Minimum clicks,4.5 měs. (134 dnů),Minimum clicks,7.50 %,nespočtena,0 EUR,0 EUR,Ano,225,,,,-,-,-,10,10,1 641,311 319,Furniture and... Home and Garden Musical Instruments,-
EDE,1234,,Affengeilebilder24.com,No conversion,4.5 měs. (134 dnů),Minimum clicks,6.00 %,nespočtena,-2 EUR,-3 EUR,Ano,10 319,,,,-,-,-,-,260,191,-,Furniture and... Books and Movies,-
EDE,1229,,Youngle.de,Minimum clicks,4.5 měs. (134 dnů),Minimum clicks,15.00 %,nespočtena,0 EUR,0 EUR,Ano,39,,,,-,-,-,-,140,0,-,Dietary Supplements,-
EDE,474,,Allerfeinst-shop.de,Minimum clicks,4.5 měs. (135 dnů),Starter,12.00 %,nespočtena,0 EUR,-40 EUR,Ano,35,,,,-,-,-,-,70,825,-,Food and Beverages,CSS vypnuto
EDE,1225,,Lecol.de,Minimum clicks,4.5 měs. (135 dnů),Minimum clicks,-,nespočtena,0 EUR,0 EUR,Ano,762,,,,-,-,1.36 USD,10,1 600,202 753,18 069,Fashion Clothing Sport,-
EDE,1218,,Gaianaturelle.de,Minimum clicks,4.5 měs. (135 dnů),Minimum clicks,15.00 %,nespočtena,0 EUR,0 EUR,Ano,24,,,,-,-,-,-,320,2 431,186 419,Cosmetics and health Dietary Supplements,-
EDE,649,,Solarspeicher24.de,No conversion,4.6 měs. (139 dnů),Performer,6.00 %,nespočtena,-3 EUR,127 EUR,Ano,1 722,,,,-,-,1.63 USD,40,880,62 465,26 037,Home Appliances Electronics,-
EDE,1196,,Carson-modelsport.com,No conversion,4.7 měs. (140 dnů),Minimum clicks,6.00 %,nespočtena,0 EUR,-2 EUR,Ano,1 398,,,,-,-,0.02 USD,10,90,35 076,54 469,Hobbies Electronics Sport,-
EDE,1194,,Kassis-shop.de,Minimum clicks,4.7 měs. (140 dnů),Minimum clicks,10.00 %,nespočtena,0 EUR,0 EUR,Ano,197,,,,4.90,232,-,-,140,1 874,388 764,Furniture and... Home and Garden,-
EDE,1183,,Worldofscentchips.com,Minimum clicks,4.7 měs. (141 dnů),Minimum clicks,7.00 %,nespočtena,0 EUR,0 EUR,Ano,567,,,,-,-,-,0,10,17 631,63 302,Furniture and... Home and Garden,-
EDE,1182,,Diamondoro.de,Minimum clicks,4.7 měs. (141 dnů),Minimum clicks,6.00 %,nespočtena,0 EUR,0 EUR,Ano,264,,,,-,-,-,-,10,78,-,Fashion Wide Range of...,-
EDE,462,,Aeg.de,No conversion,4.7 měs. (141 dnů),Performer,7.30 %,nespočtena,0 EUR,30 EUR,Ano,249,,,,-,-,0.29 USD,720,40 500,701 488,2 870,Home Appliances,-
EDE,373,,Retrobad-shop.de,Minimum clicks,4.8 měs. (144 dnů),Performer,7.00 %,nespočtena,0 EUR,4 EUR,Ano,2 023,,,,4.80,44,0.26 USD,10,140,7 899,109 424,Furniture and...,-
EDE,814,,Xenial-shop.de,Minimum clicks,4.8 měs. (145 dnů),Minimum clicks,15.00 %,nespočtena,0 EUR,0 EUR,Ano,83,,,,-,-,-,-,-,311,-,Building Materials,-
EDE,1090,,Colorland.de,Minimum clicks,4.9 měs. (148 dnů),Minimum clicks,20.00 %,nespočtena,0 EUR,0 EUR,Ano,5 262,,,,-,-,0.81 USD,70,4 400,248 790,17 836,Books and Movies Furniture and... Home and Garden,-
EDE,384,,8wines.de,No conversion,4.9 měs. (148 dnů),Minimum clicks,3.10 %,nespočtena,0 EUR,-5 EUR,Ano,2 035,,,,2.00,1,0.83 USD,10,260,56 856,37 358,Food and Beverages,-
EDE,1170,,Provizsports.com,Minimum clicks,5.1 měs. (152 dnů),Minimum clicks,-,nespočtena,0 EUR,0 EUR,Ano,829,,,,-,-,-,0,50,194 782,-,Clothing,-
EDE,1132,,Kabs.de,No conversion,5.1 měs. (153 dnů),Minimum clicks,4.50 %,nespočtena,-1 EUR,-7 EUR,Ano,3 384,,,,-,-,1.00 USD,260,8 100,125 481,10 067,Furniture and...,-
EDE,1139,,Outaway.de,No conversion,5.1 měs. (153 dnů),Minimum clicks,5.00 %,nespočtena,-1 EUR,-2 EUR,Ano,1 440,,,,-,-,-,-,90,4 244,234 483,Sport Hobbies,-
EDE,1140,,Moyu-notebooks.com,Minimum clicks,5.1 měs. (153 dnů),Minimum clicks,15.00 %,nespočtena,0 EUR,0 EUR,Ano,74,,,,-,-,-,-,40,17 491,647 895,Computers & Office Products for... Wide Range of...,-
EDE,1143,,Tantaly.de,Minimum clicks,5.1 měs. (153 dnů),Minimum clicks,5.00 %,nespočtena,0 EUR,0 EUR,Ano,63,,,,-,-,1.49 USD,30,4 400,70 340,31 628,Sexshop,-
EDE,1145,,Speedo.de,No conversion,5.1 měs. (153 dnů),Minimum clicks,10.00 %,nespočtena,-2 EUR,-2 EUR,Ano,8 994,,,,-,-,0.21 USD,90,22 200,46 153,-,Sport Clothing Products for...,-
EDE,1141,,Matchusports.de,Minimum clicks,5.1 měs. (153 dnů),Minimum clicks,12.00 %,nespočtena,0 EUR,0 EUR,Ano,256,,,,-,-,-,-,10,6 451,237 269,Sport,-
EDE,1160,,Solo.de,Minimum clicks,5.1 měs. (153 dnů),Minimum clicks,6.00 %,nespočtena,0 EUR,0 EUR,Ano,108,,,,-,-,-,20,9 900,4 020,197 473,Home and Garden Electronics,-
EDE,453,,Narwal.com,Minimum clicks,5.1 měs. (154 dnů),Minimum clicks,5.00 %,nespočtena,0 EUR,0 EUR,Ano,38,,,,-,-,0.61 USD,10,33 100,10 626,-,Electronics Home Appliances,-
EDE,1124,,Aplanta.de,Minimum clicks,5.1 měs. (154 dnů),Minimum clicks,12.00 %,nespočtena,0 EUR,0 EUR,Ano,1 839,,,,-,-,-,-,720,39 692,30 846,Home and Garden Furniture and...,-
EDE,1126,,Hut-styler.de,Minimum clicks,5.1 měs. (154 dnů),Minimum clicks,8.00 %,nespočtena,0 EUR,0 EUR,Ano,215,,,,4.60,336,-,10,590,4 141,240 346,Fashion,-
EDE,826,,Kuppelofen.de,Minimum clicks,5.2 měs. (155 dnů),Performer,5.00 %,nespočtena,0 EUR,76 EUR,Ano,262,,,,-,-,0.39 USD,40,260,41 068,44 946,Home Appliances Home and Garden,CSS vypnuto
EDE,1106,,Sirplus.de,No conversion,5.2 měs. (155 dnů),Minimum clicks,6.00 %,nespočtena,-1 EUR,-3 EUR,Ano,301,,,,-,-,1.85 USD,50,8 100,47 064,25 993,Food and Beverages Home and Garden Wide Range of...,-
EDE,722,,Leuchtenkoenig.de,No conversion,5.3 měs. (158 dnů),Starter,8.00 %,nespočtena,-3 EUR,-32 EUR,Ano,16 310,,,,-,-,-,-,-,307,-,Home and Garden Furniture and...,Vyšší provize CSS vypnuto_GMC
EDE,1105,,G-star.com,Minimum clicks,5.3 měs. (159 dnů),Minimum clicks,5.16 %,nespočtena,0 EUR,-1 EUR,Ano,15 630,,,,-,-,1.15 USD,90,60 500,2 840 272,2 414,Fashion Clothing Footwear,-
EDE,1104,,Comforth.com,Minimum clicks,5.3 měs. (159 dnů),Minimum clicks,20.50 %,nespočtena,0 EUR,0 EUR,Ano,8,,,,-,-,-,-,10,416,-,Home Appliances Cosmetics and health Electronics,Vyšší provize
EDE,1096,,Geox.de,No conversion,5.3 měs. (159 dnů),Minimum clicks,6.00 %,nespočtena,-1 EUR,-1 EUR,Ano,17 689,,,,-,-,0.40 USD,590,22 200,1 999 492,1 512,Fashion Footwear Products for...,-
EDE,1095,,Profichemie.com,Minimum clicks,5.3 měs. (159 dnů),Minimum clicks,15.00 %,nespočtena,0 EUR,0 EUR,Ano,84,,,,4.70,147,1.61 USD,40,210,15 905,106 377,Home and Garden,-
EDE,1072,,Theplantparty.com,Minimum clicks,5.4 měs. (162 dnů),Minimum clicks,10.00 %,nespočtena,0 EUR,0 EUR,Ano,5,,,,-,-,-,-,10,280,-,Food and Beverages,-
EDE,1079,,Milestone.de,No conversion,5.4 měs. (162 dnů),Minimum clicks,3.00 %,nespočtena,0 EUR,-1 EUR,Ano,1 695,,,,-,-,0.75 USD,10,6 600,7 039,194 449,Fashion Clothing,-
EDE,1059,,Powunity.com,Minimum clicks,5.4 měs. (163 dnů),Minimum clicks,25.00 %,nespočtena,0 EUR,0 EUR,Ano,12,,,,-,-,-,0,320,16 809,209 212,Electronics Sport Cycling,-
EDE,1058,,Enzyma-pharma.de,Minimum clicks,5.4 měs. (163 dnů),Minimum clicks,10.00 %,nespočtena,0 EUR,0 EUR,Ano,18,,,,-,-,-,-,-,3 024,378 027,Dietary Supplements Pharmacy Cosmetics and health,-
EDE,1057,,Smarthaven.de,Minimum clicks,5.4 měs. (163 dnů),Minimum clicks,10.00 %,nespočtena,0 EUR,0 EUR,Ano,15,,,,-,-,-,-,10,1 580,291 095,Electronics Home and Garden Home Appliances,-
EDE,743,,Powerness.de,No conversion,5.4 měs. (163 dnů),Minimum clicks,5.00 %,nespočtena,-2 EUR,-8 EUR,Ano,882,,,,-,-,0.96 USD,90,5 400,49 877,28 012,Building Materials Electronics Home and Garden,-
EDE,692,,Oilily.com,Minimum clicks,5.4 měs. (163 dnů),Performer,7.00 %,nespočtena,0 EUR,5 EUR,Ano,8 352,,,,-,-,0.14 USD,10,8 100,73 505,27 472,Clothing Children's Fashion,-
EDE,547,,Malennachzahlen-erwachsene.de,No conversion,5.5 měs. (166 dnů),Performer,13.00 %,nespočtena,-1 EUR,20 EUR,Ano,2 784,,,,-,-,2.18 USD,70,60 500,62 320,18 867,Hobbies,Vyšší provize
EDE,1054,,Spalierbaumspezialist.de,No conversion,5.6 měs. (167 dnů),Minimum clicks,5.00 %,nespočtena,-1 EUR,-7 EUR,Ano,105,,,,-,-,-,-,-,28 072,64 832,Home and Garden Hobbies,-
EDE,1045,,Taschenkaufhaus.de,No conversion,5.6 měs. (169 dnů),Minimum clicks,5.00 %,nespočtena,0 EUR,-2 EUR,Ano,7 755,,,,-,-,0.28 USD,50,8 100,87 645,13 907,Fashion,-
EDE,1043,,Geske.de,Minimum clicks,5.6 měs. (169 dnů),Minimum clicks,20.00 %,nespočtena,0 EUR,0 EUR,Ano,652,,,,-,-,0.82 USD,10,2 900,127 609,8 250,Cosmetics and health Electronics Wide Range of...,-
EDE,1046,,Soundcore.de,No conversion,5.6 měs. (169 dnů),Minimum clicks,9.00 %,nespočtena,-1 EUR,-3 EUR,Ano,146,,,,-,-,0.35 USD,170,33 100,2 582 635,12 069,Electronics,-
EDE,406,,Raddiscount.de,No conversion,5.9 měs. (177 dnů),Performer,10.00 %,nespočtena,0 EUR,417 EUR,Ano,1 087,,,,-,-,0.31 USD,10,480,20 892,60 746,Cycling,-
EDE,596,,Magna-grill.de,Minimum clicks,6.1 měs. (182 dnů),Minimum clicks,7.50 %,nespočtena,0 EUR,-14 EUR,Ano,38,,,,-,-,-,-,50,445,-,Home and Garden,-
EDE,1031,,Shop-saunaloft.de,No conversion,6.1 měs. (183 dnů),Minimum clicks,3.00 %,nespočtena,-1 EUR,-7 EUR,Ano,4 065,,,,3.40,124,-,10,20,10 691,82 905,Home and Garden Furniture and... Home Appliances,-
EDE,1026,,S-sandell.com,Minimum clicks,6.1 měs. (183 dnů),Minimum clicks,10.00 %,nespočtena,0 EUR,0 EUR,Ano,36,,,,-,-,-,-,-,405,-,Fashion,-
EDE,1020,,Parfum-traum.de,No conversion,6.1 měs. (184 dnů),Minimum clicks,12.00 %,nespočtena,-1 EUR,-2 EUR,Ano,395,,,,-,-,0.68 USD,20,110,4 197,133 900,Perfumes Cosmetics and health,-
EDE,1019,,Dublino-moebel.com,Minimum clicks,6.1 měs. (184 dnů),Minimum clicks,6.00 %,nespočtena,0 EUR,-1 EUR,Ano,270,,,,-,-,-,-,90,8 325,172 888,Furniture and... Home and Garden,-
EDE,1004,,The-magpie.com,No conversion,6.1 měs. (184 dnů),Minimum clicks,10.00 %,nespočtena,-3 EUR,-3 EUR,Ano,279,,,,-,-,-,-,260,13 369,108 563,Fashion,-
EDE,1003,,Osann.de,Minimum clicks,6.1 měs. (184 dnů),Minimum clicks,-,nespočtena,0 EUR,0 EUR,Ano,104,,,,-,-,0.23 USD,10,1 600,33 640,44 686,Products for...,-
EDE,303,,Goldentree.de,Minimum clicks,6.1 měs. (184 dnů),Performer,15.00 %,nespočtena,0 EUR,200 EUR,Ano,94,,,,-,-,3.30 USD,20,590,89 636,22 897,Dietary Supplements Cosmetics and health,-
EDE,784,,Balis-drinks.com,Minimum clicks,6.2 měs. (185 dnů),Performer,12.00 %,nespočtena,0 EUR,5 EUR,Ano,24,,,,-,-,-,0,70,28 065,68 203,Food and Beverages,-
EDE,249,,Oxepower.de,No conversion,6.6 měs. (197 dnů),Minimum clicks,10.00 %,nespočtena,-1 EUR,-9 EUR,Ano,1 526,,,,-,-,-,-,-,914,-,Electronics Sport Hobbies,-
EDE,986,,Steinel-shop.de,No conversion,6.7 měs. (200 dnů),Minimum clicks,6.00 %,nespočtena,0 EUR,-1 EUR,Ano,249,,,,-,-,0.60 USD,140,110,24 184,94 897,Electronics Home and Garden,Vyšší provize
EDE,984,,Michaelnoll.de,No conversion,6.7 měs. (200 dnů),Minimum clicks,10.00 %,nespočtena,0 EUR,-2 EUR,Ano,1 046,,,,-,-,-,-,720,2 954,315 339,Home and Garden Furniture and...,-
EDE,980,,Vetrigold.de,Minimum clicks,6.7 měs. (201 dnů),Minimum clicks,10.00 %,nespočtena,0 EUR,0 EUR,Ano,45,,,,-,-,-,-,320,581,-,Pets Sport Wide Range of...,-
EDE,972,,Bettybarclay.com,No conversion,6.7 měs. (201 dnů),Minimum clicks,5.00 %,nespočtena,0 EUR,-1 EUR,Ano,4 939,,,,-,-,0.83 USD,40,49 500,85 293,15 582,Fashion Clothing,-
EDE,297,,Hot-chip.de,Minimum clicks,6.7 měs. (202 dnů),Performer,-,nespočtena,0 EUR,-37 EUR,Ano,180,,,,-,-,0.05 USD,20,6 600,7 190,140 545,Food and Beverages,CSS vypnuto
EDE,960,,Jacques-lemans.com,Minimum clicks,6.8 měs. (203 dnů),Minimum clicks,15.00 %,nespočtena,0 EUR,0 EUR,Ano,1 044,,,,-,-,0.49 USD,20,4 400,39 041,104 417,Watches,-
EDE,965,,Shop.posten-boerse.de,No conversion,6.8 měs. (203 dnů),Minimum clicks,5.00 %,nespočtena,0 EUR,-2 EUR,Ano,897,,,,-,-,0.02 USD,10,60 500,58 987,21 238,Electronics Fashion Home and Garden,-
EDE,942,,Bugatti-fashion.com,No conversion,6.8 měs. (205 dnů),Minimum clicks,11.00 %,nespočtena,-1 EUR,-1 EUR,Ano,11 901,,,,-,-,1.21 USD,30,1 300,106 221,29 658,Fashion Clothing Footwear,-
EDE,932,,Bueromoebel-plus.de,No conversion,6.9 měs. (208 dnů),Minimum clicks,9.00 %,nespočtena,-1 EUR,-2 EUR,Ano,723,,,,-,-,-,-,-,28 963,-,Furniture and... Computers & Office,-
EDE,930,,Omega3zone.de,Minimum clicks,6.9 měs. (208 dnů),Minimum clicks,15.00 %,nespočtena,0 EUR,0 EUR,Ano,8,,,,-,-,-,-,880,9 193,169 136,Dietary Supplements,-
EDE,922,,Auresa.de,Minimum clicks,6.9 měs. (208 dnů),Minimum clicks,10.00 %,nespočtena,0 EUR,0 EUR,Ano,501,,,,-,-,-,-,20,44 617,47 263,Food and Beverages,-
EDE,920,,Carlocolucci.com,No conversion,6.9 měs. (208 dnů),Minimum clicks,5.00 %,nespočtena,-2 EUR,-7 EUR,Ano,3 433,,,,-,-,0.15 USD,10,27 100,76 983,19 126,Fashion Clothing Footwear,-
EDE,919,,Direct-friendly.de,Minimum clicks,6.9 měs. (208 dnů),Minimum clicks,8.00 %,nespočtena,0 EUR,0 EUR,Ano,24,,,,-,-,-,-,110,24 729,67 447,Food and Beverages,-
EDE,911,,Jislaine.de,Minimum clicks,7.0 měs. (210 dnů),Minimum clicks,15.00 %,nespočtena,0 EUR,0 EUR,Ano,34,,,,-,-,-,0,70,1 509,446 528,Cosmetics and health,-
EDE,909,,Nahtur-design.de,No conversion,7.0 měs. (210 dnů),Minimum clicks,10.00 %,nespočtena,-1 EUR,-4 EUR,Ano,3 081,,,,-,-,-,-,320,2 270,260 363,Fashion Home and Garden Pets,-
EDE,908,,Pool-gigant.de,Minimum clicks,7.0 měs. (210 dnů),Minimum clicks,8.00 %,nespočtena,0 EUR,0 EUR,Ano,118,,,,-,-,-,0,10,1 085,641 463,Home and Garden,-
EDE,890,,Kuipers-fitness.de,Minimum clicks,7.0 měs. (211 dnů),Minimum clicks,5.00 %,nespočtena,0 EUR,-1 EUR,Ano,14,,,,-,-,-,-,320,90 314,20 227,Sport,-
EDE,891,,Lightineers.com,Minimum clicks,7.0 měs. (211 dnů),Minimum clicks,6.50 %,nespočtena,0 EUR,0 EUR,Ano,17,,,,-,-,-,-,20,0,-,Furniture and...,-
EDE,873,,Pool-stop.de,Minimum clicks,7.1 měs. (212 dnů),Minimum clicks,7.00 %,nespočtena,0 EUR,-1 EUR,Ano,220,,,,-,-,-,10,20,825,-,Home and Garden Sport Wide Range of...,-
EDE,871,,Acmejoy.de,No conversion,7.2 měs. (215 dnů),Minimum clicks,15.00 %,nespočtena,-2 EUR,-4 EUR,Ano,422,,,,-,-,-,40,720,33 903,28 132,Sexshop,-
EDE,877,,Bushpeak.com,Minimum clicks,7.2 měs. (215 dnů),Minimum clicks,12.00 %,nespočtena,0 EUR,0 EUR,Ano,97,,,,-,-,-,-,10,1 007,617 443,Sport Hobbies,-
EDE,870,,Seekheart.de,No conversion,7.2 měs. (215 dnů),Minimum clicks,15.00 %,nespočtena,-2 EUR,-6 EUR,Ano,445,,,,-,-,0.91 USD,50,2 900,444 410,4 649,Sexshop,-
EDE,869,,Kollageninstitut.de,Minimum clicks,7.2 měs. (215 dnů),Minimum clicks,25.00 %,nespočtena,0 EUR,0 EUR,Ano,60,,,,-,-,-,-,-,9 168,206 030,Dietary Supplements Cosmetics and health,-
EDE,868,,Heizkoerperheld.de,Minimum clicks,7.2 měs. (215 dnů),Minimum clicks,10.00 %,nespočtena,0 EUR,0 EUR,Ano,356,,,,-,-,-,-,-,302,-,Home Appliances Home and Garden Building Materials,-
EDE,865,,Friseur-haarfarbe123.de,No conversion,7.2 měs. (215 dnů),Minimum clicks,14.00 %,nespočtena,-1 EUR,-2 EUR,Ano,3 555,,,,-,-,1.14 USD,10,30,32 225,41 330,Cosmetics and health,-
EDE,856,,Bactador.de,Minimum clicks,7.2 měs. (216 dnů),Minimum clicks,10.00 %,nespočtena,0 EUR,0 EUR,Ano,10,,,,-,-,-,10,1 900,14 034,143 740,Home and Garden Pets,-
EDE,851,,Lovelyrings.de,No conversion,7.2 měs. (216 dnů),Minimum clicks,10.00 %,nespočtena,-1 EUR,-2 EUR,Ano,6 416,,,,-,-,-,-,10,2 402,411 030,Fashion,-
EDE,849,,Jarmino.de,Minimum clicks,7.2 měs. (216 dnů),Minimum clicks,10.00 %,nespočtena,0 EUR,0 EUR,Ano,52,,,,-,-,0.68 USD,40,3 600,19 272,79 243,Food and Beverages Dietary Supplements Cosmetics and health,-
EDE,847,,Kingcamp.de,Minimum clicks,7.2 měs. (216 dnů),Minimum clicks,9.00 %,nespočtena,0 EUR,-3 EUR,Ano,283,,,,-,-,-,-,260,6 059,246 263,Furniture and... Home and Garden,-
EDE,838,,Villa-bambini.de,No conversion,7.2 měs. (217 dnů),Minimum clicks,8.00 %,nespočtena,-2 EUR,-3 EUR,Ano,423,,,,-,-,-,-,-,1 576,511 985,Furniture and... Products for... Games and Software,-
EDE,837,,Premiumcase.de,Minimum clicks,7.3 měs. (218 dnů),Minimum clicks,26.00 %,nespočtena,0 EUR,0 EUR,Ano,837,,,,-,-,1.15 USD,10,390,19 372,59 179,Electronics,-
EDE,825,,Bamschokolade.de,Minimum clicks,7.3 měs. (218 dnů),Minimum clicks,20.00 %,nespočtena,0 EUR,-1 EUR,Ano,149,,,,-,-,-,-,-,2 674,394 702,Food and Beverages,-
EDE,799,,Chrispcandles.com,Minimum clicks,7.3 měs. (219 dnů),Minimum clicks,10.00 %,nespočtena,0 EUR,0 EUR,Ano,15,,,,-,-,-,-,-,398,-,Home and Garden Aromatherapy...,-
EDE,822,,Funkklingel24.de,No conversion,7.3 měs. (219 dnů),Minimum clicks,8.00 %,nespočtena,-3 EUR,-11 EUR,Ano,1 249,,,,-,-,-,-,30,47 105,39 840,Home and Garden,-
EDE,788,,Murmelkiste.com,Minimum clicks,7.3 měs. (219 dnů),Minimum clicks,5.00 %,nespočtena,0 EUR,0 EUR,Ano,583,,,,-,-,0.08 USD,10,1 300,26 026,69 219,Products for... Hobbies,-
EDE,791,,Janine.de,No conversion,7.3 měs. (219 dnů),Minimum clicks,8.00 %,nespočtena,-2 EUR,-3 EUR,Ano,2 519,,,,-,-,1.08 USD,30,2 900,71 183,21 235,Furniture and...,-
EDE,781,,123reis.de,Minimum clicks,7.4 měs. (222 dnů),Minimum clicks,15.00 %,nespočtena,0 EUR,0 EUR,Ano,91,,,,-,-,-,10,10,709,-,Jewelry,-
EDE,780,,Zeitfurwein.de,Minimum clicks,7.4 měs. (222 dnů),Minimum clicks,8.00 %,nespočtena,0 EUR,-1 EUR,Ano,142,,,,-,-,-,-,-,561,-,Food and Beverages,-
EDE,767,,Perlenklassiker.de,Minimum clicks,7.4 měs. (223 dnů),Minimum clicks,13.00 %,nespočtena,0 EUR,0 EUR,Ano,373,,,,-,-,-,-,170,20 642,73 354,Jewelry,-
EDE,774,,Amberdog.de,No conversion,7.4 měs. (223 dnů),Minimum clicks,10.00 %,nespočtena,-1 EUR,-2 EUR,Ano,2 758,,,,-,-,-,10,40,2 649,359 039,Pets Jewelry,-
EDE,766,,Blankroast.de,No conversion,7.4 měs. (223 dnů),Minimum clicks,4.00 %,nespočtena,0 EUR,-1 EUR,Ano,302,,,,-,-,6.03 USD,10,1 300,15 021,54 798,Food and Beverages Home Appliances,-
EDE,771,,Frosch-shop.de,No conversion,7.4 měs. (223 dnů),Minimum clicks,10.00 %,nespočtena,0 EUR,-1 EUR,Ano,195,,,,-,-,1.11 USD,10,110,34 554,51 285,Home and Garden Products for...,-
EDE,775,,Inselcamper.com,Minimum clicks,7.4 měs. (223 dnů),Minimum clicks,10.00 %,nespočtena,0 EUR,-1 EUR,Ano,340,,,,-,-,-,10,390,6 136,209 164,Home and Garden Camping Gear,-
EDE,759,,Ibena.shop,No conversion,7.5 měs. (224 dnů),Minimum clicks,10.00 %,nespočtena,0 EUR,-1 EUR,Ano,1 092,,,,4.40,117,0.75 USD,140,1 000,42 135,34 023,Home and Garden Furniture and...,-
EDE,763,,Wuegin.shop,Minimum clicks,7.5 měs. (224 dnů),Minimum clicks,4.50 %,nespočtena,0 EUR,0 EUR,Ano,12,,,,-,-,-,-,10,39,-,Food and Beverages,-
EDE,670,,Dietechnik.de,No conversion,7.5 měs. (225 dnů),Starter,3.50 %,nespočtena,-1 EUR,3 EUR,Ano,934,,,,-,-,0.19 USD,90,140,66 680,28 703,Electronics Computers & Office Home Appliances,-
EDE,753,,Zanuro.de,Minimum clicks,7.5 měs. (226 dnů),Minimum clicks,6.00 %,nespočtena,0 EUR,0 EUR,Ano,1 091,,,,-,-,-,-,110,4 459,215 332,Furniture and...,-
EDE,750,,Schuhe.kaufen,No conversion,7.5 měs. (226 dnů),Minimum clicks,10.00 %,nespočtena,-1 EUR,-2 EUR,Ano,32 701,,,,4.40,54,1.30 USD,6 600,135 000,19 192,92 869,Footwear,-
EDE,642,,E-marilyn.de,No conversion,7.6 měs. (227 dnů),Minimum clicks,7.00 %,nespočtena,0 EUR,-18 EUR,Ano,6 392,,,,-,-,-,-,10,4 730,262 021,Fashion Clothing,-
EDE,612,,Yoekfashion.de,Minimum clicks,7.7 měs. (230 dnů),Minimum clicks,10.00 %,nespočtena,0 EUR,0 EUR,Ano,6 950,,,,-,-,1.20 USD,10,30,1 221,-,Clothing,-
EDE,434,,Blick-store.de,Minimum clicks,7.8 měs. (235 dnů),Performer,7.00 %,nespočtena,0 EUR,35 EUR,Ano,177,,,,-,-,0.70 USD,10,50,5 988,271 634,Electronics,-
EDE,733,,Canvasi.de,Minimum clicks,7.9 měs. (236 dnů),Minimum clicks,5.00 %,nespočtena,0 EUR,0 EUR,Ano,1 944,,,,-,-,1.01 USD,20,1 600,14 404,71 643,Printing Supplies,-
EDE,737,,Teaballs.eu,Minimum clicks,7.9 měs. (236 dnů),Minimum clicks,9.00 %,nespočtena,0 EUR,0 EUR,Ano,84,,,,-,-,2.08 USD,10,5 400,18 524,58 402,Food and Beverages,-
EDE,593,,Tirendo.de,No conversion,7.9 měs. (238 dnů),Starter,3.00 %,nespočtena,-1 EUR,-1 EUR,Ano,40 774,,,,-,-,0.77 USD,90,5 400,50 080,27 635,Auto and Moto,-
EDE,725,,Fabletics.de,No conversion,7.9 měs. (238 dnů),Minimum clicks,7.50 %,nespočtena,-1 EUR,-1 EUR,Ano,9 290,,,,-,-,0.50 USD,1 600,33 100,179 330,8 422,Clothing Footwear Sport,-
EDE,290,,Modetalente.com,Minimum clicks,8.1 měs. (242 dnů),Minimum clicks,13.00 %,nespočtena,0 EUR,-19 EUR,Ano,903,,,,-,-,-,0,50,0,-,Clothing,-
EDE,728,,Beatbot.com,Minimum clicks,8.1 měs. (243 dnů),Minimum clicks,8.00 %,nespočtena,0 EUR,0 EUR,Ano,17,,,,-,-,-,10,590,2 706,-,Home and Garden Pool Accessories,-
EDE,660,,Sexonic.eu,No conversion,8.2 měs. (245 dnů),Minimum clicks,5.00 %,nespočtena,0 EUR,-11 EUR,Ano,14 528,,,,-,-,-,-,10,0,-,Sexshop,-
EDE,591,,Stuffle.com,Minimum clicks,8.3 měs. (250 dnů),Starter,10.00 %,nespočtena,0 EUR,-19 EUR,Ano,150 097,,,,-,-,0.28 USD,90,5 400,99 592,13 322,Wide Range of...,CSS vypnuto
EDE,723,,Aerosus.de,No conversion,8.4 měs. (251 dnů),Minimum clicks,-,nespočtena,-1 EUR,-3 EUR,Ano,3 536,,,,-,-,0.63 USD,20,590,36 906,38 445,Auto and Moto,-
EDE,652,,Timeusbpower.de,Minimum clicks,8.7 měs. (262 dnů),Minimum clicks,5.00 %,nespočtena,0 EUR,0 EUR,Ano,19,,,,-,-,-,-,10,11 091,180 685,Electronics Home Appliances,-
EDE,646,,Redodopower.de,Minimum clicks,8.7 měs. (262 dnů),Minimum clicks,5.00 %,nespočtena,0 EUR,0 EUR,Ano,110,,,,-,-,1.15 USD,20,210,186 439,2 753,Electronics Home Appliances,-
EDE,636,,Litime.de,Minimum clicks,8.7 měs. (262 dnů),Minimum clicks,5.00 %,nespočtena,-1 EUR,-2 EUR,Ano,128,,,,-,-,0.68 USD,10,5 400,102 215,33 464,Electronics,-
EDE,645,,Ipowerqueen.de,Minimum clicks,8.7 měs. (262 dnů),Minimum clicks,5.00 %,nespočtena,0 EUR,0 EUR,Ano,158,,,,-,-,0.52 USD,10,20,25 495,33 847,Electronics Home Appliances,-
EDE,480,,Stickabush.com,Minimum clicks,8.8 měs. (264 dnů),Performer,10.00 %,nespočtena,0 EUR,3 EUR,Ano,725,,,,4.70,48,-,0,70,12 131,129 241,Fashion Footwear,-
EDE,720,,Eleonto.com,No conversion,8.9 měs. (267 dnů),Minimum clicks,4.00 %,nespočtena,0 EUR,-3 EUR,Ano,1 007,,,,-,-,-,0,3 600,26 494,148 966,Electronics Home Appliances Sport,-
EDE,400,,Myhomelando.de,No conversion,8.9 měs. (268 dnů),Performer,4.00 %,nespočtena,-2 EUR,7 EUR,Ano,9 667,,,,-,-,1.61 USD,10,320,15 078,72 297,Furniture and...,-
EDE,719,,Lepro.de,Minimum clicks,9.0 měs. (269 dnů),Minimum clicks,12.00 %,nespočtena,0 EUR,-1 EUR,Ano,187,,,,-,-,0.54 USD,10,880,6 827,166 212,Electronics Home Appliances,-
EDE,557,,Bleywaren.de,No conversion,9.0 měs. (269 dnů),Starter,8.00 %,nespočtena,-1 EUR,28 EUR,Ano,5 787,,,,-,-,-,10,210,19 461,70 561,Home and Garden Home Appliances,-
EDE,626,,Eskute.com,Minimum clicks,9.0 měs. (270 dnů),Minimum clicks,7.00 %,nespočtena,0 EUR,0 EUR,Ano,3,,,,-,-,-,0,210,4 430,-,Cycling,-
EDE,655,,Zerowater.de,Minimum clicks,9.1 měs. (273 dnů),Minimum clicks,12.50 %,nespočtena,0 EUR,0 EUR,Ano,40,,,,-,-,-,-,390,7 289,240 308,Home Appliances,-
EDE,378,,Starwurst.shop,Minimum clicks,9.1 měs. (273 dnů),Minimum clicks,-,nespočtena,-1 EUR,-10 EUR,Ano,17,,,,4.80,106,-,-,30,348,-,Home and Garden,-
EDE,383,,Binu-beauty.de,Minimum clicks,9.1 měs. (273 dnů),Minimum clicks,-,nespočtena,0 EUR,0 EUR,Ano,2,,,,-,-,-,-,20,611,-,Cosmetics and health,-
EDE,391,,Amazgifts.de,Minimum clicks,9.1 měs. (273 dnů),Minimum clicks,10.00 %,nespočtena,0 EUR,0 EUR,Ano,2 964,,,,-,-,1.03 USD,10,40,1 323,-,Jewelry,-
EDE,385,,Diamondsmileteeth.com,Minimum clicks,9.1 měs. (273 dnů),Minimum clicks,30.00 %,nespočtena,0 EUR,-4 EUR,Ano,58,,,,-,-,-,-,20,84 110,24 527,Cosmetics and health,-
EDE,446,,Brunosoehnle-glashuette.com,No conversion,9.1 měs. (273 dnů),Minimum clicks,5.00 %,nespočtena,0 EUR,-1 EUR,Ano,166,,,,-,-,-,-,-,17 397,16 201,Watches,-
EDE,392,,Naturesway.de,Minimum clicks,9.1 měs. (273 dnů),Minimum clicks,-,nespočtena,-1 EUR,-1 EUR,Ano,85,,,,-,-,-,-,50,6 327,142 857,Dietary Supplements,-
EDE,657,,Probatix.de,Minimum clicks,9.1 měs. (273 dnů),Minimum clicks,25.00 %,nespočtena,0 EUR,0 EUR,Ano,73,,,,-,-,0.02 USD,10,480,23 154,61 660,Cosmetics and health,-
EDE,455,,Bimbaylola.com,No conversion,9.1 měs. (273 dnů),Minimum clicks,8.00 %,nespočtena,0 EUR,-1 EUR,Ano,2 564,,,,-,-,0.39 USD,10,140,1 361 986,988,Fashion Footwear Clothing,-
EDE,460,,Wasserpumpe.de,No conversion,9.1 měs. (273 dnů),Minimum clicks,10.00 %,nespočtena,-1 EUR,-8 EUR,Ano,731,,,,-,-,0.88 USD,110,14 800,28 514,48 917,Home and Garden,-
EDE,470,,Stefanel.com,No conversion,9.1 měs. (273 dnů),Minimum clicks,5.88 %,nespočtena,-1 EUR,-6 EUR,Ano,432,,,,-,-,0.67 USD,10,3 600,123 996,6 379,Clothing Footwear Fashion,-
EDE,448,,Paxson.eu,No conversion,9.1 měs. (273 dnů),Minimum clicks,6.00 %,nespočtena,0 EUR,5 EUR,Ano,599,,,,-,-,-,-,260,30 853,39 715,Home and Garden,-
EDE,356,,Papatya.com,Minimum clicks,9.1 měs. (273 dnů),Minimum clicks,10.00 %,nespočtena,0 EUR,0 EUR,Ano,958,,,,-,-,-,0,5 400,981,-,Furniture and... Home and Garden,-
EDE,442,,Jackery.com,No conversion,9.1 měs. (273 dnů),Minimum clicks,8.00 %,nespočtena,-1 EUR,47 EUR,Ano,156,,,,-,-,3.09 USD,20,14 800,88 514,-,Electronics Home Appliances,-
EDE,366,,Finebuy.de,No conversion,9.1 měs. (273 dnů),Minimum clicks,10.00 %,nespočtena,0 EUR,-1 EUR,Ano,1 206,,,,-,-,0.50 USD,10,590,14 068,103 354,Furniture and...,-
EDE,393,,iSinwheel.de,No conversion,9.1 měs. (273 dnů),Minimum clicks,3.00 %,nespočtena,-1 EUR,0 EUR,Ano,93,,,,-,-,1.13 USD,30,2 400,78 631,20 784,Cycling,-
EDE,345,,Eskute.de,Minimum clicks,9.1 měs. (273 dnů),Minimum clicks,-,nespočtena,0 EUR,-1 EUR,Ano,3,,,,-,-,-,10,210,4 430,-,Cycling,-
EDE,339,,Germens.shop,Minimum clicks,9.1 měs. (273 dnů),Minimum clicks,-,nespočtena,0 EUR,17 EUR,Ano,1 409,,,,4.90,98,0.38 USD,260,2 900,9 755,138 440,Clothing Footwear,-
EDE,338,,Neonail.de,No conversion,9.1 měs. (273 dnů),Minimum clicks,8.00 %,nespočtena,-1 EUR,-28 EUR,Ano,601,,,,-,-,0.35 USD,210,60 500,89 245,17 248,Cosmetics and health,Vyšší provize
EDE,333,,Otterbox.de,No conversion,9.1 měs. (273 dnů),Minimum clicks,-,nespočtena,0 EUR,-2 EUR,Ano,1 649,,,,-,-,0.30 USD,40,12 100,67 716,20 814,Electronics Computers & Office,-
EDE,330,,Underarmour.de,Minimum clicks,9.1 měs. (273 dnů),Minimum clicks,-,nespočtena,0 EUR,-35 EUR,Ano,16 628,,,,-,-,0.30 USD,480,201 000,418 106,3 863,Clothing Footwear Sport,CSS vypnuto
EDE,319,,Homefitnesscode.com,Minimum clicks,9.1 měs. (273 dnů),Minimum clicks,-,nespočtena,0 EUR,-2 EUR,Ano,37,,,,-,-,2.29 USD,10,1 300,18 991,-,Sport Home Appliances,-
EDE,439,,Missforty.de,Minimum clicks,9.1 měs. (273 dnů),Minimum clicks,10.75 %,nespočtena,0 EUR,1 EUR,Ano,157,,,,-,-,-,10,590,4 305,243 505,Clothing Furniture and...,-
EDE,654,,Weinunion.de,No conversion,9.1 měs. (273 dnů),No conversion,5.00 %,nespočtena,-3 EUR,-16 EUR,Ano,2 272,,,,3.90,21,-,0,70,1 307,333 231,Food and Beverages,-
EDE,653,,Vorlagen-center.com,Minimum clicks,9.1 měs. (273 dnů),Minimum clicks,10.00 %,nespočtena,0 EUR,0 EUR,Ano,8 076,,,,-,-,-,-,20,5 500,269 598,Books and Movies Computers & Office,-
EDE,258,,Bushman.eu,Minimum clicks,9.1 měs. (273 dnů),Minimum clicks,-,nespočtena,0 EUR,-35 EUR,Ano,3 022,,,,-,-,0.28 USD,10,720,0,-,Clothing Footwear Fashion,CSS vypnuto
EDE,638,,Currex.de,Minimum clicks,9.1 měs. (273 dnů),Minimum clicks,5.00 %,nespočtena,0 EUR,-2 EUR,Ano,166,,,,-,-,0.13 USD,10,1 300,6 883,-,Sport,-
EDE,247,,Solapoint.de,Minimum clicks,9.1 měs. (273 dnů),Minimum clicks,-,nespočtena,0 EUR,-43 EUR,Ano,1 566,,,,-,-,-,-,10,3 159,316 232,Home and Garden Furniture and...,CSS vypnuto
EDE,493,,Charles-colby.com,Minimum clicks,9.1 měs. (273 dnů),Minimum clicks,8.00 %,nespočtena,0 EUR,0 EUR,Ano,967,,,,-,-,-,0,210,585,-,Clothing Footwear,-
EDE,519,,Dainese.com,No conversion,9.1 měs. (273 dnů),Minimum clicks,4.00 %,nespočtena,-1 EUR,8 EUR,Ano,4 909,,,,-,-,0.35 USD,30,14 800,610 967,5 776,Fashion Auto and Moto,-
EDE,499,,Perfumetrader.de,Minimum clicks,9.1 měs. (273 dnů),Minimum clicks,7.60 %,nespočtena,0 EUR,-4 EUR,Ano,1 586,,,,-,-,0.67 USD,10,320,17 183,143 957,Perfumes Cosmetics and health Drugstore,-
EDE,402,,Obsbot.com,Minimum clicks,9.1 měs. (273 dnů),Minimum clicks,10.00 %,nespočtena,0 EUR,-1 EUR,Ano,93,,,,-,-,0.02 USD,10,2 400,477 214,64 130,Electronics,-
EDE,709,,Pilgrim.net,Minimum clicks,9.1 měs. (273 dnů),Minimum clicks,10.00 %,nespočtena,0 EUR,-1 EUR,Ano,1 898,,,,-,-,1.10 USD,10,12 100,287 989,1 869,Eyewear,-
EDE,705,,Silvego.de,Minimum clicks,9.1 měs. (273 dnů),Minimum clicks,15.00 %,nespočtena,0 EUR,0 EUR,Ano,6 853,,,,-,-,-,-,140,4 484,220 988,Jewelry,-
EDE,700,,Tomket.com,No conversion,9.1 měs. (273 dnů),No conversion,2.00 %,nespočtena,-2 EUR,-10 EUR,Ano,13 500,,,,-,-,-,0,70,924,-,Auto and Moto,-
EDE,699,,Altrarunning.eu,Minimum clicks,9.1 měs. (273 dnů),Minimum clicks,9.00 %,nespočtena,0 EUR,0 EUR,Ano,2 163,,,,-,-,0.30 USD,20,1 000,394 455,-,Footwear Sport,-
EDE,690,,Nupo.de,Minimum clicks,9.1 měs. (273 dnů),Minimum clicks,15.00 %,nespočtena,0 EUR,0 EUR,Ano,73,,,,-,-,3.39 USD,20,880,5 646,195 716,Dietary Supplements Food and Beverages,-
EDE,688,,iSupcenter.de,No conversion,9.1 měs. (273 dnů),No conversion,6.00 %,nespočtena,-1 EUR,-4 EUR,Ano,380,,,,-,-,-,-,10,4 197,195 620,Sport,-
EDE,684,,Keynaturals.net,Minimum clicks,9.1 měs. (273 dnů),Minimum clicks,15.00 %,nespočtena,0 EUR,0 EUR,Ano,11,,,,-,-,-,-,10,158,-,Dietary Supplements,-
EDE,683,,Officine08.de,No conversion,9.1 měs. (273 dnů),Minimum clicks,2.10 %,nespočtena,-1 EUR,-19 EUR,Ano,2 564,,,,4.30,356,-,-,20,4 810,230 932,Auto and Moto,-
EDE,681,,Brandschutz-zentrale.de,No conversion,9.1 měs. (273 dnů),Minimum clicks,11.00 %,nespočtena,-1 EUR,-2 EUR,Ano,843,,,,4.50,12,1.06 USD,10,260,25 702,61 242,Training Services,-
EDE,694,,Moebelnet.de,No conversion,9.1 měs. (273 dnů),Minimum clicks,9.00 %,nespočtena,0 EUR,-1 EUR,Ano,8 077,,,,-,-,1.04 USD,70,170,5 845,206 296,Furniture and... Home and Garden,-
EDE,678,,Dentaworks.de,Minimum clicks,9.1 měs. (273 dnů),Minimum clicks,25.00 %,nespočtena,0 EUR,-3 EUR,Ano,12,,,,-,-,-,-,20,288,-,Cosmetics and health,-
EDE,668,,Cafenoir.it,No conversion,9.1 měs. (273 dnů),Minimum clicks,8.00 %,nespočtena,-1 EUR,-3 EUR,Ano,19 182,,,,-,-,0.02 USD,10,8 100,2 605,-,Footwear Clothing Fashion,-
EDE,398,,Walkingpad.com,Minimum clicks,9.1 měs. (273 dnů),Minimum clicks,10.00 %,nespočtena,0 EUR,0 EUR,Ano,7,,,,-,-,0.53 USD,10,8 100,42 308,-,Sport,-
EDE,623,,Brooklyn-shop.de,No conversion,9.1 měs. (273 dnů),Minimum clicks,12.00 %,nespočtena,-2 EUR,-7 EUR,Ano,4 092,,,,-,-,0.46 USD,30,320,26 930,55 285,Fashion Footwear Clothing,-
EDE,411,,100percentpure.de,Minimum clicks,9.1 měs. (273 dnů),Minimum clicks,15.00 %,nespočtena,0 EUR,2 EUR,Ano,299,,,,-,-,-,0,140,14 324,12 495,Cosmetics and health,-
EDE,503,,Danielwellington.com,No conversion,9.1 měs. (273 dnů),Minimum clicks,10.00 %,nespočtena,0 EUR,-1 EUR,Ano,2 236,,,,-,-,0.13 USD,10,12 100,0,-,Jewelry,-
EDE,607,,Kodak.com,No conversion,9.1 měs. (273 dnů),Minimum clicks,5.00 %,nespočtena,-2 EUR,1 EUR,Ano,224,,,,-,-,0.25 USD,20,9 900,112 481,-,Electronics,-
EDE,605,,Uni-polar.de,Minimum clicks,9.1 měs. (273 dnů),Minimum clicks,10.00 %,nespočtena,0 EUR,7 EUR,Ano,5 312,,,,-,-,-,-,880,27 733,64 681,Clothing Footwear Home and Garden,-
EDE,598,,Verapur.com,Minimum clicks,9.1 měs. (273 dnů),Minimum clicks,5.00 %,nespočtena,0 EUR,-10 EUR,Ano,341,,,,-,-,1.26 USD,10,320,23 965,36 118,Furniture and...,-
EDE,416,,Tranquillo-shop.de,No conversion,9.1 měs. (273 dnů),Minimum clicks,14.00 %,nespočtena,0 EUR,-2 EUR,Ano,2 253,,,,4.20,42,0.85 USD,10,2 400,38 835,35 064,Fashion Home and Garden,-
EDE,634,,Justmind.de,Minimum clicks,9.1 měs. (273 dnů),Minimum clicks,20.00 %,nespočtena,0 EUR,0 EUR,Ano,24,,,,-,-,-,10,10,0,-,Books and Movies,-
EDE,571,,Hionidis.com,Minimum clicks,9.1 měs. (273 dnů),Minimum clicks,10.00 %,nespočtena,0 EUR,-4 EUR,Ano,6 569,,,,-,-,-,-,30,19 984,7 166,Clothing Footwear Perfumes,-
EDE,570,,Gents.de,No conversion,9.1 měs. (273 dnů),Minimum clicks,8.00 %,nespočtena,-2 EUR,-12 EUR,Ano,2 493,,,,-,-,-,20,880,12 224,89 211,Perfumes,-
EDE,568,,Fleeky.de,Minimum clicks,9.1 měs. (273 dnů),Minimum clicks,8.00 %,nespočtena,0 EUR,-22 EUR,Ano,109,,,,-,-,0.71 USD,10,1 900,31 637,64 702,Cosmetics and health,-
EDE,560,,Delife.de,No conversion,9.1 měs. (273 dnů),Minimum clicks,8.00 %,nespočtena,-1 EUR,-2 EUR,Ano,4 802,,,,4.60,1 341,1.27 USD,140,9 900,346 964,3 763,Furniture and...,Vyšší provize
EDE,552,,Kleiderbuegel-kaufen.de,Minimum clicks,9.1 měs. (273 dnů),Minimum clicks,10.00 %,nespočtena,0 EUR,0 EUR,Ano,303,,,,-,-,-,-,480,4 137,254 362,Home and Garden,-
EDE,208,,Noaton.de,No conversion,9.1 měs. (273 dnů),Minimum clicks,-,nespočtena,-1 EUR,31 EUR,Ano,125,,,,-,-,-,-,40,2 348,427 947,Home Appliances Home and Garden,-
EDE,527,,Byrokko.com,Minimum clicks,9.1 měs. (273 dnů),Minimum clicks,7.00 %,nespočtena,0 EUR,0 EUR,Ano,71,,,,-,-,0.38 USD,10,1 600,57 407,55 577,Cosmetics and health,-
EDE,710,,Sifjakobs.de,Minimum clicks,9.1 měs. (273 dnů),Minimum clicks,15.00 %,nespočtena,-1 EUR,-1 EUR,Ano,1 668,,,,-,-,-,-,2 400,7 343,163 014,Jewelry,-
EDE,513,,Traumpreisfabrik.de,No conversion,9.1 měs. (273 dnů),Minimum clicks,8.00 %,nespočtena,0 EUR,-2 EUR,Ano,3 522,,,,-,-,-,10,320,2 190,488 317,Furniture and... Products for... Cycling,CSS vypnuto
EDE,630,,Helbrecht.com,No conversion,9.1 měs. (273 dnů),Minimum clicks,20.00 %,nespočtena,0 EUR,-2 EUR,Ano,284,,,,-,-,-,0,260,13 623,65 194,Eyewear,-